time,x,theta
0,-3.23749e-05,0.100195
0.01,-9.71857e-05,0.100586
0.02,-0.000194554,0.101173
0.03,-0.000324661,0.101958
0.04,-0.000487751,0.102942
0.05,-0.000684126,0.104126
0.06,-0.00091415,0.105514
0.07,-0.00117825,0.107107
0.08,-0.00147692,0.10891
0.09,-0.0018107,0.110924
0.1,-0.00218021,0.113155
0.11,-0.00258613,0.115606
0.12,-0.0030292,0.118282
0.13,-0.00351022,0.121189
0.14,-0.00403006,0.124331
0.15,-0.00458967,0.127715
0.16,-0.00519005,0.131347
0.17,-0.00583226,0.135234
0.18,-0.00651744,0.139383
0.19,-0.0072468,0.143802
0.2,-0.0080216,0.148499
0.21,-0.00884318,0.153484
0.22,-0.00971295,0.158765
0.23,-0.0106324,0.164352
0.24,-0.011603,0.170256
0.25,-0.0126264,0.176487
0.26,-0.0137042,0.183057
0.27,-0.0148382,0.189977
0.28,-0.0160302,0.197261
0.29,-0.0172819,0.204921
0.3,-0.0185953,0.212971
0.31,-0.0199722,0.221425
0.32,-0.0214146,0.230299
0.33,-0.0229246,0.239607
0.34,-0.0245041,0.249365
0.35,-0.0261551,0.25959
0.36,-0.0278796,0.2703
0.37,-0.0296797,0.281512
0.38,-0.0315573,0.293244
0.39,-0.0335143,0.305516
0.4,-0.0355526,0.318347
0.41,-0.037674,0.331756
0.42,-0.03988,0.345765
0.43,-0.0421723,0.360394
0.44,-0.044552,0.375665
0.45,-0.0470204,0.3916
0.46,-0.0495782,0.40822
0.47,-0.0522261,0.425548
0.48,-0.0549642,0.443607
0.49,-0.0577925,0.46242
0.5,-0.0607103,0.48201
0.51,-0.0637166,0.502399
0.52,-0.0668097,0.523611
0.53,-0.0699873,0.545668
0.54,-0.0732466,0.568594
0.55,-0.0765838,0.59241
0.56,-0.0799944,0.61714
0.57,-0.0834732,0.642805
0.58,-0.0870136,0.669425
0.59,-0.0906086,0.697023
0.6,-0.0942495,0.725619
0.61,-0.0979268,0.755231
0.62,-0.10163,0.785881
0.63,-0.105346,0.817585
0.64,-0.109063,0.850364
0.65,-0.112765,0.884234
0.66,-0.116436,0.919212
0.67,-0.120059,0.955317
0.68,-0.123615,0.992565
0.69,-0.127083,1.03097
0.7,-0.13044,1.07056
0.71,-0.133664,1.11134
0.72,-0.136729,1.15333
0.73,-0.139609,1.19656
0.74,-0.142276,1.24104
0.75,-0.144699,1.28679
0.76,-0.146848,1.33384
0.77,-0.148689,1.38221
0.78,-0.15019,1.43193
0.79,-0.151315,1.48304
0.8,-0.152027,1.53555
0.81,-0.152288,1.58951
0.82,-0.152059,1.64495
0.83,-0.1513,1.70192
0.84,-0.149971,1.76046
0.85,-0.14803,1.82062
0.86,-0.145436,1.88245
0.87,-0.142148,1.946
0.88,-0.138125,2.01132
0.89,-0.133329,2.07847
0.9,-0.127724,2.14749
0.91,-0.121279,2.21843
0.92,-0.113969,2.29133
0.93,-0.105775,2.36621
0.94,-0.0966912,2.44307
0.95,-0.0867237,2.5219
0.96,-0.0758963,2.60262
0.97,-0.0642533,2.68516
0.98,-0.0518621,2.76935
0.99,-0.0388162,2.85499
1,-0.025235,2.94181
1.01,-0.011263,3.02951
1.02,0.0029356,3.1177
1.03,0.0171833,-3.07718
1.04,0.0312986,-2.98917
1.05,0.0451059,-2.90184
1.06,0.0584441,-2.81554
1.07,0.0711738,-2.73058
1.08,0.0831812,-2.6472
1.09,0.0943797,-2.56558
1.1,0.104709,-2.48586
1.11,0.114131,-2.40812
1.12,0.122629,-2.33239
1.13,0.130203,-2.25868
1.14,0.136865,-2.18698
1.15,0.142639,-2.11725
1.16,0.147552,-2.04945
1.17,0.151642,-1.98352
1.18,0.154947,-1.91941
1.19,0.157507,-1.85707
1.2,0.159365,-1.79643
1.21,0.160565,-1.73745
1.22,0.161148,-1.68008
1.23,0.161158,-1.62426
1.24,0.160636,-1.56996
1.25,0.159622,-1.51712
1.26,0.158157,-1.46572
1.27,0.156278,-1.41571
1.28,0.154022,-1.36708
1.29,0.151426,-1.31978
1.3,0.148523,-1.27379
1.31,0.145345,-1.22909
1.32,0.141924,-1.18565
1.33,0.13829,-1.14345
1.34,0.13447,-1.10248
1.35,0.130491,-1.06272
1.36,0.126378,-1.02414
1.37,0.122155,-0.986734
1.38,0.117843,-0.950482
1.39,0.113464,-0.915368
1.4,0.109035,-0.881376
1.41,0.104575,-0.848489
1.42,0.1001,-0.816691
1.43,0.0956237,-0.785966
1.44,0.0911609,-0.756295
1.45,0.086723,-0.727661
1.46,0.0823211,-0.700046
1.47,0.0779648,-0.673432
1.48,0.0736627,-0.647798
1.49,0.0694224,-0.623127
1.5,0.0652504,-0.599398
1.51,0.0611522,-0.57659
1.52,0.0571327,-0.554683
1.53,0.0531958,-0.533657
1.54,0.0493447,-0.51349
1.55,0.045582,-0.494161
1.56,0.0419097,-0.47565
1.57,0.0383292,-0.457935
1.58,0.0348415,-0.440995
1.59,0.0314472,-0.42481
1.6,0.0281463,-0.409359
1.61,0.0249389,-0.394622
1.62,0.0218243,-0.38058
1.63,0.018802,-0.367213
1.64,0.0158711,-0.354502
1.65,0.0130305,-0.342429
1.66,0.0102792,-0.330976
1.67,0.00761574,-0.320127
1.68,0.00503889,-0.309863
1.69,0.00254723,-0.30017
1.7,0.00013932,-0.291032
1.71,-0.00218629,-0.282434
1.72,-0.00443105,-0.274363
1.73,-0.00659639,-0.266805
1.74,-0.00868372,-0.259749
1.75,-0.0106944,-0.253181
1.76,-0.0126298,-0.247091
1.77,-0.0144911,-0.241469
1.78,-0.0162796,-0.236305
1.79,-0.0179963,-0.231589
1.8,-0.0196423,-0.227315
1.81,-0.0212187,-0.223475
1.82,-0.0227262,-0.220061
1.83,-0.0241657,-0.217067
1.84,-0.0255379,-0.21449
1.85,-0.0268435,-0.212323
1.86,-0.0280828,-0.210563
1.87,-0.0292565,-0.209208
1.88,-0.0303647,-0.208254
1.89,-0.0314077,-0.2077
1.9,-0.0323858,-0.207544
1.91,-0.0332987,-0.207788
1.92,-0.0341466,-0.20843
1.93,-0.0349293,-0.209473
1.94,-0.0356465,-0.210918
1.95,-0.0362977,-0.212767
1.96,-0.0368826,-0.215025
1.97,-0.0374006,-0.217694
1.98,-0.0378511,-0.220781
1.99,-0.0382332,-0.224289
2,-0.0385461,-0.228226
2.01,-0.038789,-0.232599
2.02,-0.0389608,-0.237414
2.03,-0.0390603,-0.242681
2.04,-0.0390865,-0.248408
2.05,-0.0390381,-0.254605
2.06,-0.0389136,-0.261284
2.07,-0.0387119,-0.268454
2.08,-0.0384314,-0.276129
2.09,-0.0380707,-0.28432
2.1,-0.0376283,-0.293042
2.11,-0.0371027,-0.302309
2.12,-0.0364923,-0.312135
2.13,-0.0357956,-0.322536
2.14,-0.0350112,-0.333528
2.15,-0.0341376,-0.345129
2.16,-0.0331735,-0.357355
2.17,-0.0321175,-0.370225
2.18,-0.0309687,-0.383757
2.19,-0.0297259,-0.397971
2.2,-0.0283885,-0.412886
2.21,-0.0269558,-0.428522
2.22,-0.0254276,-0.4449
2.23,-0.023804,-0.462041
2.24,-0.0220852,-0.479965
2.25,-0.0202722,-0.498694
2.26,-0.0183662,-0.51825
2.27,-0.016369,-0.538653
2.28,-0.0142831,-0.559925
2.29,-0.0121115,-0.582088
2.3,-0.009858,-0.605162
2.31,-0.00752716,-0.629169
2.32,-0.00512439,-0.654129
2.33,-0.00265606,-0.680062
2.34,-0.000129509,-0.706989
2.35,0.00244688,-0.734928
2.36,0.00506357,-0.763899
2.37,0.00770988,-0.79392
2.38,0.0103738,-0.825009
2.39,0.0130422,-0.857183
2.4,0.0157005,-0.890459
2.41,0.0183326,-0.924855
2.42,0.0209212,-0.960387
2.43,0.0234474,-0.99707
2.44,0.025891,-1.03492
2.45,0.0282302,-1.07396
2.46,0.0304415,-1.1142
2.47,0.0325003,-1.15566
2.48,0.0343801,-1.19836
2.49,0.0360533,-1.24231
2.5,0.0374903,-1.28755
2.51,0.0386605,-1.33408
2.52,0.0395317,-1.38194
2.53,0.0400702,-1.43116
2.54,0.040241,-1.48175
2.55,0.0400078,-1.53375
2.56,0.0393331,-1.5872
2.57,0.0381782,-1.64214
2.58,0.0365036,-1.69859
2.59,0.0342688,-1.75662
2.6,0.0314329,-1.81625
2.61,0.0279547,-1.87755
2.62,0.0237933,-1.94056
2.63,0.0189087,-2.00533
2.64,0.0132624,-2.07192
2.65,0.00681859,-2.14038
2.66,-0.000454609,-2.21074
2.67,-0.00858349,-2.28306
2.68,-0.0175867,-2.35734
2.69,-0.0274726,-2.4336
2.7,-0.0382368,-2.51182
2.71,-0.0498581,-2.59194
2.72,-0.0622961,-2.67388
2.73,-0.0754873,-2.75748
2.74,-0.0893431,-2.84257
2.75,-0.103749,-2.92887
2.76,-0.118566,-3.01609
2.77,-0.133633,-3.10387
2.78,-0.148778,3.09137
2.79,-0.163819,3.00365
2.8,-0.178583,2.91655
2.81,-0.192907,2.83041
2.82,-0.206649,2.74556
2.83,-0.219692,2.66225
2.84,-0.231946,2.58066
2.85,-0.243346,2.50094
2.86,-0.253852,2.42318
2.87,-0.263443,2.34741
2.88,-0.272117,2.27366
2.89,-0.279883,2.20192
2.9,-0.286763,2.13214
2.91,-0.292784,2.0643
2.92,-0.297981,1.99834
2.93,-0.302392,1.93421
2.94,-0.306057,1.87185
2.95,-0.309019,1.8112
2.96,-0.311319,1.75223
2.97,-0.313,1.69487
2.98,-0.314105,1.63907
2.99,-0.314674,1.5848
3,-0.31475,1.53201
3.01,-0.31437,1.48066
3.02,-0.313575,1.43073
3.03,-0.312399,1.38217
3.04,-0.31088,1.33496
3.05,-0.309051,1.28907
3.06,-0.306945,1.24448
3.07,-0.304594,1.20117
3.08,-0.302026,1.15911
3.09,-0.299271,1.11828
3.1,-0.296354,1.07868
3.11,-0.293302,1.04027
3.12,-0.290138,1.00305
3.13,-0.286883,0.966997
3.14,-0.283559,0.932097
3.15,-0.280186,0.898332
3.16,-0.27678,0.865689
3.17,-0.273358,0.834152
3.18,-0.269935,0.803703
3.19,-0.266525,0.774327
3.2,-0.26314,0.746007
3.21,-0.259792,0.718726
3.22,-0.25649,0.692466
3.23,-0.253244,0.667209
3.24,-0.25006,0.642938
3.25,-0.246947,0.619633
3.26,-0.24391,0.597275
3.27,-0.240954,0.575845
3.28,-0.238083,0.555324
3.29,-0.235301,0.535692
3.3,-0.232611,0.516929
3.31,-0.230015,0.499017
3.32,-0.227515,0.481935
3.33,-0.225112,0.465664
3.34,-0.222807,0.450186
3.35,-0.220601,0.435482
3.36,-0.218494,0.421533
3.37,-0.216486,0.408321
3.38,-0.214577,0.395829
3.39,-0.212766,0.38404
3.4,-0.211052,0.372938
3.41,-0.209434,0.362508
3.42,-0.207913,0.352733
3.43,-0.206487,0.343601
3.44,-0.205154,0.335097
3.45,-0.203914,0.327208
3.46,-0.202767,0.319923
3.47,-0.20171,0.31323
3.48,-0.200743,0.307119
3.49,-0.199865,0.30158
3.5,-0.199075,0.296605
3.51,-0.198373,0.292185
3.52,-0.197757,0.288312
3.53,-0.197227,0.284982
3.54,-0.196782,0.282188
3.55,-0.196422,0.279927
3.56,-0.196147,0.278193
3.57,-0.195955,0.276985
3.58,-0.195848,0.2763
3.59,-0.195824,0.276137
3.6,-0.195884,0.276496
3.61,-0.196027,0.277378
3.62,-0.196255,0.278784
3.63,-0.196566,0.280716
3.64,-0.196963,0.283178
3.65,-0.197444,0.286174
3.66,-0.198012,0.289709
3.67,-0.198665,0.293788
3.68,-0.199406,0.298418
3.69,-0.200235,0.303607
3.7,-0.201152,0.309363
3.71,-0.20216,0.315696
3.72,-0.203258,0.322615
3.73,-0.204448,0.330131
3.74,-0.205731,0.338256
3.75,-0.207108,0.347002
3.76,-0.208581,0.356383
3.77,-0.210149,0.366413
3.78,-0.211815,0.377106
3.79,-0.213578,0.388477
3.8,-0.215441,0.400544
3.81,-0.217404,0.413322
3.82,-0.219467,0.426829
3.83,-0.22163,0.441082
3.84,-0.223894,0.456101
3.85,-0.22626,0.471903
3.86,-0.228725,0.488508
3.87,-0.23129,0.505936
3.88,-0.233953,0.524205
3.89,-0.236712,0.543337
3.9,-0.239566,0.56335
3.91,-0.242511,0.584265
3.92,-0.245545,0.606101
3.93,-0.248661,0.628879
3.94,-0.251857,0.652618
3.95,-0.255125,0.677337
3.96,-0.258459,0.703056
3.97,-0.261852,0.729793
3.98,-0.265294,0.757565
3.99,-0.268774,0.786392
4,-0.272283,0.81629
4.01,-0.275808,0.847276
4.02,-0.279335,0.879367
4.03,-0.282849,0.912579
4.04,-0.286333,0.946929
4.05,-0.289769,0.98243
4.06,-0.293139,1.0191
4.07,-0.296422,1.05696
4.08,-0.299595,1.09601
4.09,-0.302635,1.13628
4.1,-0.305516,1.17779
4.11,-0.308212,1.22055
4.12,-0.310694,1.26458
4.13,-0.312933,1.30991
4.14,-0.314898,1.35655
4.15,-0.316556,1.40453
4.16,-0.317874,1.45388
4.17,-0.318815,1.50463
4.18,-0.319344,1.5568
4.19,-0.319423,1.61043
4.2,-0.319013,1.66556
4.21,-0.318074,1.72223
4.22,-0.316567,1.78049
4.23,-0.314449,1.84038
4.24,-0.311681,1.90194
4.25,-0.308222,1.96523
4.26,-0.304032,2.0303
4.27,-0.299075,2.0972
4.28,-0.293316,2.16598
4.29,-0.286724,2.23668
4.3,-0.279277,2.30933
4.31,-0.270958,2.38394
4.32,-0.261764,2.46052
4.33,-0.251704,2.53904
4.34,-0.240804,2.61942
4.35,-0.229113,2.70157
4.36,-0.216701,2.78533
4.37,-0.203663,2.87048
4.38,-0.190121,2.95675
4.39,-0.17622,3.04382
4.4,-0.162124,3.13132
4.41,-0.148007,-3.06431
4.42,-0.134046,-2.97711
4.43,-0.120412,-2.89063
4.44,-0.10726,-2.80521
4.45,-0.0947218,-2.72115
4.46,-0.0829065,-2.63868
4.47,-0.0718955,-2.55798
4.48,-0.0617452,-2.47917
4.49,-0.0524897,-2.40232
4.5,-0.0441437,-2.32746
4.51,-0.0367061,-2.25462
4.52,-0.0301635,-2.18376
4.53,-0.0244929,-2.11486
4.54,-0.0196643,-2.04787
4.55,-0.0156427,-1.98274
4.56,-0.0123896,-1.91943
4.57,-0.00986446,-1.85787
4.58,-0.00802541,-1.79801
4.59,-0.00683014,-1.73981
4.6,-0.0062364,-1.6832
4.61,-0.00620238,-1.62816
4.62,-0.00668702,-1.57462
4.63,-0.00765023,-1.52256
4.64,-0.00905305,-1.47194
4.65,-0.0108578,-1.42273
4.66,-0.013028,-1.37488
4.67,-0.0155287,-1.32839
4.68,-0.0183262,-1.28322
4.69,-0.0213886,-1.23934
4.7,-0.024685,-1.19674
4.71,-0.0281864,-1.1554
4.72,-0.031865,-1.1153
4.73,-0.0356948,-1.07642
4.74,-0.039651,-1.03875
4.75,-0.0437105,-1.00226
4.76,-0.0478516,-0.966953
4.77,-0.0520541,-0.932802
4.78,-0.0562992,-0.899794
4.79,-0.0605695,-0.867915
4.8,-0.064849,-0.83715
4.81,-0.0691232,-0.807484
4.82,-0.0733785,-0.7789
4.83,-0.077603,-0.751383
4.84,-0.0817858,-0.724916
4.85,-0.085917,-0.699483
4.86,-0.089988,-0.675066
4.87,-0.093991,-0.651649
4.88,-0.0979195,-0.629212
4.89,-0.101767,-0.60774
4.9,-0.10553,-0.587213
4.91,-0.109203,-0.567613
4.92,-0.112782,-0.548922
4.93,-0.116265,-0.531123
4.94,-0.11965,-0.514196
4.95,-0.122933,-0.498125
4.96,-0.126115,-0.482891
4.97,-0.129194,-0.468478
4.98,-0.132168,-0.454867
4.99,-0.135039,-0.442044
5,-0.137805,-0.429992
5.01,-0.140467,-0.418696
5.02,-0.143024,-0.40814
5.03,-0.145478,-0.398312
5.04,-0.147828,-0.389197
5.05,-0.150075,-0.380784
5.06,-0.15222,-0.37306
5.07,-0.154264,-0.366014
5.08,-0.156206,-0.359636
5.09,-0.158048,-0.353917
5.1,-0.15979,-0.348849
5.11,-0.161433,-0.344423
5.12,-0.162978,-0.340633
5.13,-0.164424,-0.337475
5.14,-0.165772,-0.334941
5.15,-0.167023,-0.33303
5.16,-0.168176,-0.331738
5.17,-0.169232,-0.331062
5.18,-0.170191,-0.331003
5.19,-0.171053,-0.331559
5.2,-0.171818,-0.332733
5.21,-0.172486,-0.334525
5.22,-0.173056,-0.336939
5.23,-0.173527,-0.339977
5.24,-0.173901,-0.343646
5.25,-0.174175,-0.347951
5.26,-0.17435,-0.352897
5.27,-0.174425,-0.358493
5.28,-0.174398,-0.364747
5.29,-0.174271,-0.371669
5.3,-0.17404,-0.379267
5.31,-0.173707,-0.387554
5.32,-0.173271,-0.396541
5.33,-0.172729,-0.406241
5.34,-0.172083,-0.416667
5.35,-0.171332,-0.427833
5.36,-0.170474,-0.439755
5.37,-0.16951,-0.452446
5.38,-0.168441,-0.465925
5.39,-0.167265,-0.480206
5.4,-0.165984,-0.495307
5.41,-0.164598,-0.511247
5.42,-0.163108,-0.528041
5.43,-0.161516,-0.54571
5.44,-0.159824,-0.56427
5.45,-0.158035,-0.583741
5.46,-0.156151,-0.604141
5.47,-0.154177,-0.625489
5.48,-0.152116,-0.647803
5.49,-0.149975,-0.671102
5.5,-0.147759,-0.695404
5.51,-0.145476,-0.720725
5.52,-0.143133,-0.747086
5.53,-0.14074,-0.774501
5.54,-0.138306,-0.802988
5.55,-0.135844,-0.832564
5.56,-0.133366,-0.863245
5.57,-0.130886,-0.895046
5.58,-0.128419,-0.927983
5.59,-0.125981,-0.962071
5.6,-0.123592,-0.997325
5.61,-0.121269,-1.03376
5.62,-0.119035,-1.07139
5.63,-0.116911,-1.11024
5.64,-0.114921,-1.15031
5.65,-0.113091,-1.19163
5.66,-0.111447,-1.23421
5.67,-0.110018,-1.27808
5.68,-0.108833,-1.32325
5.69,-0.107924,-1.36974
5.7,-0.107323,-1.41758
5.71,-0.107064,-1.4668
5.72,-0.107182,-1.51743
5.73,-0.107714,-1.56949
5.74,-0.108698,-1.62302
5.75,-0.110171,-1.67806
5.76,-0.112174,-1.73464
5.77,-0.114747,-1.79282
5.78,-0.11793,-1.85264
5.79,-0.121764,-1.91414
5.8,-0.126289,-1.97737
5.81,-0.131544,-2.04239
5.82,-0.137565,-2.10924
5.83,-0.144386,-2.17797
5.84,-0.152036,-2.24862
5.85,-0.160538,-2.32122
5.86,-0.169905,-2.39578
5.87,-0.18014,-2.47229
5.88,-0.191231,-2.55072
5.89,-0.20315,-2.631
5.9,-0.215846,-2.71302
5.91,-0.229247,-2.79662
5.92,-0.243253,-2.88156
5.93,-0.257743,-2.96758
5.94,-0.272569,-3.05436
5.95,-0.287569,-3.14152
5.96,-0.30257,3.0545
5.97,-0.317395,2.96772
5.98,-0.331879,2.88171
5.99,-0.34587,2.79678
6,-0.359239,2.71323
6.01,-0.371882,2.63129
6.02,-0.38372,2.55112
6.03,-0.394701,2.47283
6.04,-0.404792,2.3965
6.05,-0.413981,2.32217
6.06,-0.422269,2.24983
6.07,-0.429672,2.17947
6.08,-0.436212,2.11106
6.09,-0.44192,2.04456
6.1,-0.446831,1.97991
6.11,-0.450984,1.91706
6.12,-0.454418,1.85596
6.13,-0.457175,1.79656
6.14,-0.459298,1.7388
6.15,-0.460828,1.68265
6.16,-0.461807,1.62805
6.17,-0.462276,1.57496
6.18,-0.462274,1.52335
6.19,-0.46184,1.47317
6.2,-0.461011,1.42441
6.21,-0.459823,1.37702
6.22,-0.458311,1.33098
6.23,-0.456509,1.28626
6.24,-0.454448,1.24285
6.25,-0.452158,1.20073
6.26,-0.449669,1.15986
6.27,-0.447008,1.12025
6.28,-0.4442,1.08186
6.29,-0.441271,1.04468
6.3,-0.438242,1.0087
6.31,-0.435136,0.973909
6.32,-0.431973,0.940283
6.33,-0.428771,0.907812
6.34,-0.425547,0.87648
6.35,-0.422318,0.846273
6.36,-0.419097,0.817178
6.37,-0.415899,0.789178
6.38,-0.412734,0.762258
6.39,-0.409615,0.736404
6.4,-0.40655,0.711598
6.41,-0.403549,0.687826
6.42,-0.400619,0.66507
6.43,-0.397766,0.643314
6.44,-0.394998,0.622541
6.45,-0.392318,0.602735
6.46,-0.389732,0.583878
6.47,-0.387243,0.565954
6.48,-0.384854,0.548946
6.49,-0.382567,0.532837
6.5,-0.380386,0.51761
6.51,-0.37831,0.503251
6.52,-0.376343,0.489743
6.53,-0.374484,0.47707
6.54,-0.372734,0.46522
6.55,-0.371094,0.454176
6.56,-0.369565,0.443926
6.57,-0.368145,0.434457
6.58,-0.366835,0.425758
6.59,-0.365635,0.417816
6.6,-0.364544,0.410621
6.61,-0.363563,0.404164
6.62,-0.362691,0.398436
6.63,-0.361927,0.393429
6.64,-0.361272,0.389136
6.65,-0.360725,0.385552
6.66,-0.360286,0.382671
6.67,-0.359954,0.380489
6.68,-0.359729,0.379003
6.69,-0.359612,0.378211
6.7,-0.359603,0.378111
6.71,-0.3597,0.378705
6.72,-0.359905,0.379993
6.73,-0.360218,0.381976
6.74,-0.360638,0.384657
6.75,-0.361166,0.388041
6.76,-0.361803,0.392133
6.77,-0.362548,0.396937
6.78,-0.363403,0.402462
6.79,-0.364367,0.408714
6.8,-0.365442,0.415702
6.81,-0.366626,0.423436
6.82,-0.367922,0.431926
6.83,-0.369329,0.441183
6.84,-0.370847,0.45122
6.85,-0.372476,0.462049
6.86,-0.374217,0.473684
6.87,-0.376069,0.486139
6.88,-0.378032,0.499428
6.89,-0.380106,0.513567
6.9,-0.382289,0.528571
6.91,-0.384579,0.544458
6.92,-0.386976,0.561244
6.93,-0.389478,0.578944
6.94,-0.39208,0.597578
6.95,-0.394782,0.617161
6.96,-0.397577,0.637712
6.97,-0.400463,0.659247
6.98,-0.403433,0.681783
6.99,-0.406481,0.705338
7,-0.409601,0.729929
7.01,-0.412785,0.755572
7.02,-0.416023,0.782284
7.03,-0.419305,0.81008
7.04,-0.422621,0.838976
7.05,-0.425957,0.868987
7.06,-0.4293,0.900129
7.07,-0.432635,0.932417
7.08,-0.435946,0.965864
7.09,-0.439215,1.00049
7.1,-0.442423,1.0363
7.11,-0.445549,1.07331
7.12,-0.448571,1.11155
7.13,-0.451466,1.15101
7.14,-0.454209,1.19173
7.15,-0.456774,1.23372
7.16,-0.459132,1.27699
7.17,-0.461254,1.32157
7.18,-0.46311,1.36748
7.19,-0.464667,1.41474
7.2,-0.465893,1.46337
7.21,-0.466751,1.51341
7.22,-0.467207,1.56488
7.23,-0.467222,1.61782
7.24,-0.46676,1.67226
7.25,-0.465779,1.72825
7.26,-0.464241,1.78582
7.27,-0.462106,1.84502
7.28,-0.459333,1.90589
7.29,-0.455882,1.96849
7.3,-0.451715,2.03286
7.31,-0.446793,2.09906
7.32,-0.441085,2.16712
7.33,-0.434559,2.23708
7.34,-0.427193,2.30898
7.35,-0.41897,2.38284
7.36,-0.409886,2.45864
7.37,-0.399949,2.53636
7.38,-0.389184,2.61595
7.39,-0.377638,2.69728
7.4,-0.365376,2.78022
7.41,-0.352492,2.86455
7.42,-0.339102,2.95002
7.43,-0.325346,3.0363
7.44,-0.311383,3.12304
7.45,-0.297383,-3.07331
7.46,-0.283519,-2.98679
7.47,-0.269959,-2.90094
7.48,-0.256857,-2.81611
7.49,-0.244344,-2.73259
7.5,-0.232531,-2.65062
7.51,-0.2215,-2.57037
7.52,-0.211309,-2.49198
7.53,-0.201995,-2.41553
7.54,-0.193574,-2.34106
7.55,-0.186048,-2.26858
7.56,-0.179405,-2.19807
7.57,-0.173623,-2.12952
7.58,-0.168674,-2.06288
7.59,-0.164524,-1.9981
7.6,-0.161135,-1.93513
7.61,-0.158469,-1.87392
7.62,-0.156484,-1.81442
7.63,-0.155138,-1.75658
7.64,-0.15439,-1.70036
7.65,-0.154198,-1.6457
7.66,-0.154521,-1.59256
7.67,-0.15532,-1.54092
7.68,-0.156557,-1.49072
7.69,-0.158193,-1.44194
7.7,-0.160193,-1.39455
7.71,-0.162521,-1.34853
7.72,-0.165145,-1.30384
7.73,-0.168031,-1.26046
7.74,-0.171151,-1.21838
7.75,-0.174474,-1.17758
7.76,-0.177973,-1.13804
7.77,-0.181622,-1.09973
7.78,-0.185396,-1.06266
7.79,-0.189272,-1.02679
7.8,-0.193228,-0.99212
7.81,-0.197244,-0.958634
7.82,-0.201301,-0.926316
7.83,-0.205381,-0.895153
7.84,-0.209469,-0.865132
7.85,-0.21355,-0.836238
7.86,-0.217609,-0.808458
7.87,-0.221635,-0.781776
7.88,-0.225616,-0.756179
7.89,-0.229542,-0.731651
7.9,-0.233405,-0.708177
7.91,-0.237196,-0.685742
7.92,-0.240908,-0.664331
7.93,-0.244535,-0.643927
7.94,-0.248071,-0.624515
7.95,-0.251512,-0.60608
7.96,-0.254854,-0.588605
7.97,-0.258093,-0.572076
7.98,-0.261226,-0.556477
7.99,-0.264251,-0.541792
8,-0.267166,-0.528008
8.01,-0.26997,-0.515109
8.02,-0.272661,-0.503083
8.03,-0.275237,-0.491916
8.04,-0.2777,-0.481595
8.05,-0.280047,-0.472108
8.06,-0.282279,-0.463445
8.07,-0.284396,-0.455595
8.08,-0.286396,-0.448549
8.09,-0.288281,-0.442297
8.1,-0.29005,-0.436831
8.11,-0.291704,-0.432145
8.12,-0.293242,-0.428233
8.13,-0.294664,-0.42509
8.14,-0.295972,-0.422711
8.15,-0.297163,-0.421094
8.16,-0.29824,-0.420236
8.17,-0.299201,-0.420136
8.18,-0.300047,-0.420794
8.19,-0.300777,-0.422212
8.2,-0.301392,-0.424391
8.21,-0.30189,-0.427334
8.22,-0.302274,-0.431045
8.23,-0.302541,-0.435529
8.24,-0.302691,-0.440792
8.25,-0.302725,-0.446841
8.26,-0.302643,-0.453683
8.27,-0.302444,-0.461328
8.28,-0.302127,-0.469785
8.29,-0.301695,-0.479064
8.3,-0.301145,-0.489177
8.31,-0.300479,-0.500135
8.32,-0.299697,-0.511952
8.33,-0.2988,-0.52464
8.34,-0.297788,-0.538214
8.35,-0.296664,-0.552687
8.36,-0.295428,-0.568075
8.37,-0.294083,-0.584394
8.38,-0.29263,-0.601658
8.39,-0.291074,-0.619883
8.4,-0.289417,-0.639086
8.41,-0.287664,-0.659283
8.42,-0.28582,-0.680489
8.43,-0.28389,-0.702721
8.44,-0.281881,-0.725995
8.45,-0.279799,-0.750326
8.46,-0.277655,-0.77573
8.47,-0.275456,-0.802223
8.48,-0.273213,-0.829819
8.49,-0.270938,-0.858534
8.5,-0.268644,-0.888381
8.51,-0.266344,-0.919375
8.52,-0.264055,-0.951531
8.53,-0.261792,-0.984861
8.54,-0.259574,-1.01938
8.55,-0.25742,-1.0551
8.56,-0.25535,-1.09204
8.57,-0.253389,-1.13021
8.58,-0.251558,-1.16963
8.59,-0.249883,-1.21031
8.6,-0.248391,-1.25228
8.61,-0.24711,-1.29554
8.62,-0.24607,-1.34012
8.63,-0.245301,-1.38603
8.64,-0.244836,-1.43331
8.65,-0.244708,-1.48198
8.66,-0.244952,-1.53207
8.67,-0.245605,-1.5836
8.68,-0.246703,-1.63661
8.69,-0.248286,-1.69114
8.7,-0.250391,-1.74722
8.71,-0.25306,-1.8049
8.72,-0.256331,-1.86422
8.73,-0.260245,-1.92523
8.74,-0.264841,-1.98798
8.75,-0.270157,-2.0525
8.76,-0.27623,-2.11886
8.77,-0.283091,-2.18709
8.78,-0.29077,-2.25723
8.79,-0.299287,-2.3293
8.8,-0.308656,-2.40332
8.81,-0.318878,-2.47928
8.82,-0.329942,-2.55713
8.83,-0.341816,-2.63682
8.84,-0.354452,-2.71821
8.85,-0.367777,-2.80115
8.86,-0.381693,-2.88542
8.87,-0.396079,-2.97075
8.88,-0.410791,-3.0568
8.89,-0.425671,3.13995
8.9,-0.440547,3.05353
8.91,-0.455248,2.96749
8.92,-0.469613,2.88221
8.93,-0.483492,2.79801
8.94,-0.496761,2.71517
8.95,-0.509316,2.63392
8.96,-0.521081,2.55441
8.97,-0.532003,2.47677
8.98,-0.54205,2.40107
8.99,-0.551211,2.32735
9,-0.559486,2.2556
9.01,-0.566889,2.18583
9.02,-0.573444,2.11799
9.03,-0.579178,2.05205
9.04,-0.584128,1.98795
9.05,-0.58833,1.92566
9.06,-0.591825,1.86511
9.07,-0.594653,1.80627
9.08,-0.596855,1.74907
9.09,-0.598473,1.69348
9.1,-0.599549,1.63944
9.11,-0.600121,1.58693
9.12,-0.60023,1.5359
9.13,-0.599914,1.48632
9.14,-0.599209,1.43815
9.15,-0.598152,1.39137
9.16,-0.596776,1.34596
9.17,-0.595115,1.30189
9.18,-0.5932,1.25913
9.19,-0.591062,1.21767
9.2,-0.588728,1.17749
9.21,-0.586227,1.13857
9.22,-0.583583,1.1009
9.23,-0.580822,1.06446
9.24,-0.577965,1.02924
9.25,-0.575035,0.99522
9.26,-0.57205,0.962393
9.27,-0.569031,0.930743
9.28,-0.565994,0.900258
9.29,-0.562954,0.870923
9.3,-0.559927,0.842726
9.31,-0.556925,0.815653
9.32,-0.553962,0.78969
9.33,-0.551047,0.764824
9.34,-0.548191,0.741041
9.35,-0.545403,0.718326
9.36,-0.542691,0.696664
9.37,-0.540061,0.676042
9.38,-0.53752,0.656445
9.39,-0.535074,0.637858
9.4,-0.532726,0.620266
9.41,-0.530482,0.603656
9.42,-0.528344,0.588012
9.43,-0.526315,0.573322
9.44,-0.524399,0.559571
9.45,-0.522597,0.546745
9.46,-0.52091,0.534834
9.47,-0.519341,0.523823
9.48,-0.51789,0.513702
9.49,-0.516558,0.50446
9.5,-0.515346,0.496087
9.51,-0.514254,0.488573
9.52,-0.513283,0.481909
9.53,-0.512434,0.476089
9.54,-0.511705,0.471104
9.55,-0.511098,0.46695
9.56,-0.510612,0.46362
9.57,-0.510248,0.461112
9.58,-0.510006,0.459422
9.59,-0.509885,0.458549
9.6,-0.509886,0.45849
9.61,-0.510009,0.459246
9.62,-0.510254,0.460819
9.63,-0.510621,0.46321
9.64,-0.511109,0.466422
9.65,-0.51172,0.470459
9.66,-0.512453,0.475327
9.67,-0.513308,0.481031
9.68,-0.514285,0.487578
9.69,-0.515385,0.494976
9.7,-0.516605,0.503234
9.71,-0.517948,0.512361
9.72,-0.519411,0.522368
9.73,-0.520995,0.533265
9.74,-0.522698,0.545065
9.75,-0.524519,0.557779
9.76,-0.526457,0.571421
9.77,-0.528511,0.586004
9.78,-0.530677,0.601542
9.79,-0.532954,0.618049
9.8,-0.535338,0.63554
9.81,-0.537826,0.65403
9.82,-0.540413,0.673533
9.83,-0.543095,0.694065
9.84,-0.545866,0.715641
9.85,-0.548718,0.738275
9.86,-0.551646,0.761982
9.87,-0.55464,0.786778
9.88,-0.557691,0.812676
9.89,-0.560789,0.839691
9.9,-0.563923,0.867837
9.91,-0.567079,0.897127
9.92,-0.570243,0.927575
9.93,-0.573401,0.959195
9.94,-0.576536,0.992
9.95,-0.579631,1.026
9.96,-0.582665,1.06122
9.97,-0.585618,1.09766
9.98,-0.588468,1.13534
9.99,-0.591192,1.17427
10,-0.593765,1.21448
10.01,-0.59616,1.25597
10.02,-0.598349,1.29876
10.03,-0.600304,1.34288
10.04,-0.601994,1.38833
10.05,-0.603385,1.43516
10.06,-0.604447,1.48338
10.07,-0.605142,1.53301
10.08,-0.605437,1.58409
10.09,-0.605294,1.63666
10.1,-0.604674,1.69074
10.11,-0.60354,1.74637
10.12,-0.601851,1.80359
10.13,-0.599568,1.86245
10.14,-0.596651,1.923
10.15,-0.593062,1.98528
10.16,-0.588762,2.04933
10.17,-0.583715,2.1152
10.18,-0.577888,2.18294
10.19,-0.571254,2.25258
10.2,-0.563789,2.32414
10.21,-0.555481,2.39764
10.22,-0.546326,2.47308
10.23,-0.536336,2.55041
10.24,-0.525537,2.62957
10.25,-0.513977,2.71044
10.26,-0.501726,2.79287
10.27,-0.488877,2.87665
10.28,-0.475548,2.96151
10.29,-0.461878,3.04713
10.3,-0.448025,3.13317
10.31,-0.434155,-3.06395
10.32,-0.420438,-2.97821
10.33,-0.407036,-2.89319
10.34,-0.394097,-2.8092
10.35,-0.38175,-2.72653
10.36,-0.370099,-2.64541
10.37,-0.359222,-2.56601
10.38,-0.349175,-2.48845
10.39,-0.339991,-2.41282
10.4,-0.331687,-2.33915
10.41,-0.324262,-2.26746
10.42,-0.317703,-2.19773
10.43,-0.311991,-2.12993
10.44,-0.307095,-2.06404
10.45,-0.302983,-1.99999
10.46,-0.299618,-1.93775
10.47,-0.296961,-1.87726
10.48,-0.29497,-1.81848
10.49,-0.293606,-1.76136
10.5,-0.292826,-1.70584
10.51,-0.292591,-1.6519
10.52,-0.292859,-1.59948
10.53,-0.293593,-1.54855
10.54,-0.294753,-1.49908
10.55,-0.296303,-1.45104
10.56,-0.298207,-1.40439
10.57,-0.300431,-1.35912
10.58,-0.302942,-1.31519
10.59,-0.305708,-1.27259
10.6,-0.308699,-1.2313
10.61,-0.311886,-1.1913
10.62,-0.315243,-1.15257
10.63,-0.318743,-1.1151
10.64,-0.322362,-1.07887
10.65,-0.326077,-1.04386
10.66,-0.329866,-1.01008
10.67,-0.33371,-0.977497
10.68,-0.33759,-0.946104
10.69,-0.341488,-0.915889
10.7,-0.345389,-0.886838
10.71,-0.349278,-0.85894
10.72,-0.35314,-0.832181
10.73,-0.356965,-0.806549
10.74,-0.36074,-0.782031
10.75,-0.364456,-0.758612
10.76,-0.368102,-0.736281
10.77,-0.371673,-0.715023
10.78,-0.375159,-0.694825
10.79,-0.378555,-0.675673
10.8,-0.381854,-0.657555
10.81,-0.385053,-0.640455
10.82,-0.388147,-0.624361
10.83,-0.391131,-0.609261
10.84,-0.394003,-0.59514
10.85,-0.39676,-0.581987
10.86,-0.3994,-0.56979
10.87,-0.401921,-0.558537
10.88,-0.404321,-0.548218
10.89,-0.406599,-0.538821
10.9,-0.408754,-0.530339
10.91,-0.410785,-0.522761
10.92,-0.412691,-0.51608
10.93,-0.414472,-0.510288
10.94,-0.416127,-0.50538
10.95,-0.417656,-0.50135
10.96,-0.419059,-0.498193
10.97,-0.420335,-0.495906
10.98,-0.421485,-0.494486
10.99,-0.422507,-0.493932
11,-0.423403,-0.494244
11.01,-0.424171,-0.495421
11.02,-0.424813,-0.497466
11.03,-0.425327,-0.50038
11.04,-0.425715,-0.504167
11.05,-0.425975,-0.508832
11.06,-0.426109,-0.51438
11.07,-0.426117,-0.520816
11.08,-0.425998,-0.528149
11.09,-0.425753,-0.536387
11.1,-0.425384,-0.545538
11.11,-0.42489,-0.555611
11.12,-0.424273,-0.566618
11.13,-0.423534,-0.578569
11.14,-0.422675,-0.591476
11.15,-0.421697,-0.60535
11.16,-0.420603,-0.620206
11.17,-0.419396,-0.636055
11.18,-0.418079,-0.652911
11.19,-0.416655,-0.670787
11.2,-0.41513,-0.689699
11.21,-0.413507,-0.709658
11.22,-0.411793,-0.73068
11.23,-0.409995,-0.752778
11.24,-0.40812,-0.775967
11.25,-0.406177,-0.80026
11.26,-0.404174,-0.82567
11.27,-0.402123,-0.852211
11.28,-0.400034,-0.879897
11.29,-0.397921,-0.90874
11.3,-0.395797,-0.938754
11.31,-0.393678,-0.969951
11.32,-0.39158,-1.00234
11.33,-0.389521,-1.03594
11.34,-0.38752,-1.07077
11.35,-0.385598,-1.10683
11.36,-0.383777,-1.14413
11.37,-0.382079,-1.1827
11.38,-0.380531,-1.22255
11.39,-0.379157,-1.26368
11.4,-0.377987,-1.30614
11.41,-0.377048,-1.34991
11.42,-0.376372,-1.39504
11.43,-0.37599,-1.44154
11.44,-0.375935,-1.48944
11.45,-0.376243,-1.53876
11.46,-0.376947,-1.58953
11.47,-0.378086,-1.64178
11.48,-0.379697,-1.69556
11.49,-0.381818,-1.75088
11.5,-0.384489,-1.80781
11.51,-0.387749,-1.86637
11.52,-0.391637,-1.92661
11.53,-0.396192,-1.98858
11.54,-0.401453,-2.05233
11.55,-0.407454,-2.11789
11.56,-0.414228,-2.18531
11.57,-0.421804,-2.25463
11.58,-0.430202,-2.32587
11.59,-0.439437,-2.39904
11.6,-0.449511,-2.47414
11.61,-0.460415,-2.55112
11.62,-0.472119,-2.62992
11.63,-0.484579,-2.71042
11.64,-0.497725,-2.79248
11.65,-0.511465,-2.87588
11.66,-0.525682,-2.96035
11.67,-0.54024,-3.04559
11.68,-0.554983,-3.13125
11.69,-0.569746,3.06623
11.7,-0.584362,2.98085
11.71,-0.59867,2.89617
11.72,-0.612522,2.81251
11.73,-0.625792,2.73015
11.74,-0.638376,2.64932
11.75,-0.650194,2.5702
11.76,-0.661192,2.49291
11.77,-0.671334,2.41753
11.78,-0.680605,2.3441
11.79,-0.689004,2.27265
11.8,-0.696542,2.20315
11.81,-0.703241,2.13558
11.82,-0.709128,2.0699
11.83,-0.714236,2.00608
11.84,-0.718602,1.94406
11.85,-0.722264,1.88379
11.86,-0.725263,1.82524
11.87,-0.727639,1.76834
11.88,-0.729433,1.71305
11.89,-0.730686,1.65934
11.9,-0.731437,1.60716
11.91,-0.731725,1.55647
11.92,-0.731589,1.50725
11.93,-0.731065,1.45946
11.94,-0.730189,1.41307
11.95,-0.728995,1.36806
11.96,-0.727516,1.32441
11.97,-0.725782,1.28209
11.98,-0.723825,1.24108
11.99,-0.721673,1.20138
12,-0.719353,1.16295
12.01,-0.716891,1.12579
12.02,-0.71431,1.08988
12.03,-0.711635,1.05521
12.04,-0.708886,1.02177
12.05,-0.706084,0.989542
12.06,-0.703247,0.958513
12.07,-0.700393,0.928674
12.08,-0.697537,0.900012
12.09,-0.694695,0.872515
12.1,-0.691879,0.846171
12.11,-0.689104,0.820968
12.12,-0.686379,0.796894
12.13,-0.683714,0.773936
12.14,-0.68112,0.752082
12.15,-0.678605,0.731319
12.16,-0.676175,0.711635
12.17,-0.673838,0.693017
12.18,-0.671599,0.675452
12.19,-0.669463,0.658928
12.2,-0.667434,0.643432
12.21,-0.665518,0.628953
12.22,-0.663716,0.61548
12.23,-0.662032,0.603
12.24,-0.660468,0.591503
12.25,-0.659027,0.580979
12.26,-0.657709,0.571418
12.27,-0.656517,0.562812
12.28,-0.655452,0.555151
12.29,-0.654515,0.548429
12.3,-0.653706,0.542638
12.31,-0.653026,0.537774
12.32,-0.652476,0.53383
12.33,-0.652057,0.530803
12.34,-0.651768,0.528691
12.35,-0.65161,0.527489
12.36,-0.651583,0.527199
12.37,-0.651687,0.527818
12.38,-0.651922,0.529349
12.39,-0.652288,0.531793
12.4,-0.652786,0.535152
12.41,-0.653414,0.53943
12.42,-0.654172,0.544632
12.43,-0.655061,0.550764
12.44,-0.65608,0.557831
12.45,-0.657227,0.565841
12.46,-0.658502,0.574803
12.47,-0.659905,0.584724
12.48,-0.661433,0.595615
12.49,-0.663085,0.607485
12.5,-0.664859,0.620345
12.51,-0.666753,0.634208
12.52,-0.668765,0.649083
12.53,-0.67089,0.664985
12.54,-0.673125,0.681924
12.55,-0.675466,0.699913
12.56,-0.677908,0.718967
12.57,-0.680445,0.739097
12.58,-0.68307,0.760316
12.59,-0.685778,0.782639
12.6,-0.688558,0.806076
12.61,-0.691403,0.830642
12.62,-0.694301,0.85635
12.63,-0.697243,0.883211
12.64,-0.700214,0.911238
12.65,-0.703203,0.940443
12.66,-0.706194,0.970839
12.67,-0.709171,1.00244
12.68,-0.712116,1.03525
12.69,-0.715012,1.06929
12.7,-0.717837,1.10457
12.71,-0.720572,1.14111
12.72,-0.723192,1.17891
12.73,-0.725673,1.21799
12.74,-0.72799,1.25836
12.75,-0.730116,1.30005
12.76,-0.732021,1.34307
12.77,-0.733678,1.38744
12.78,-0.735053,1.43317
12.79,-0.736115,1.4803
12.8,-0.736829,1.52885
12.81,-0.737161,1.57885
12.82,-0.737075,1.63032
12.83,-0.736532,1.6833
12.84,-0.735496,1.73782
12.85,-0.733928,1.79393
12.86,-0.731788,1.85167
12.87,-0.729037,1.91107
12.88,-0.725636,1.97218
12.89,-0.721548,2.03506
12.9,-0.716737,2.09973
12.91,-0.711168,2.16625
12.92,-0.704814,2.23464
12.93,-0.697649,2.30495
12.94,-0.689658,2.37717
12.95,-0.680834,2.45132
12.96,-0.671184,2.52736
12.97,-0.660728,2.60524
12.98,-0.649507,2.68485
12.99,-0.63758,2.76607
13,-0.625032,2.84869
13.01,-0.611971,2.93247
13.02,-0.598524,3.01712
13.03,-0.584841,3.10231
13.04,-0.571081,-3.09552
13.05,-0.557412,-3.01036
13.06,-0.543994,-2.92577
13.07,-0.530978,-2.84208
13.08,-0.518499,-2.7596
13.09,-0.506666,-2.67857
13.1,-0.495567,-2.59917
13.11,-0.485265,-2.52156
13.12,-0.475801,-2.44583
13.13,-0.467197,-2.37203
13.14,-0.459459,-2.30019
13.15,-0.452579,-2.23031
13.16,-0.44654,-2.16236
13.17,-0.441317,-2.09631
13.18,-0.436879,-2.03213
13.19,-0.43319,-1.96976
13.2,-0.430214,-1.90917
13.21,-0.42791,-1.8503
13.22,-0.426238,-1.7931
13.23,-0.425158,-1.73754
13.24,-0.424629,-1.68357
13.25,-0.424612,-1.63114
13.26,-0.425067,-1.58022
13.27,-0.425957,-1.53079
13.28,-0.427244,-1.48279
13.29,-0.428892,-1.43622
13.3,-0.430868,-1.39104
13.31,-0.433137,-1.34723
13.32,-0.435669,-1.30476
13.33,-0.438433,-1.26363
13.34,-0.441399,-1.2238
13.35,-0.444541,-1.18527
13.36,-0.447831,-1.14802
13.37,-0.451246,-1.11204
13.38,-0.454762,-1.0773
13.39,-0.458358,-1.04381
13.4,-0.462012,-1.01154
13.41,-0.465705,-0.98049
13.42,-0.469421,-0.950644
13.43,-0.473141,-0.92199
13.44,-0.476852,-0.894518
13.45,-0.480539,-0.868216
13.46,-0.484189,-0.843073
13.47,-0.48779,-0.819077
13.48,-0.491332,-0.796216
13.49,-0.494806,-0.77448
13.5,-0.498202,-0.753855
13.51,-0.501513,-0.734331
13.52,-0.504732,-0.715895
13.53,-0.507852,-0.698536
13.54,-0.510869,-0.682243
13.55,-0.513778,-0.667004
13.56,-0.516574,-0.652807
13.57,-0.519253,-0.639644
13.58,-0.521813,-0.627502
13.59,-0.524251,-0.616373
13.6,-0.526565,-0.606246
13.61,-0.528752,-0.597114
13.62,-0.530811,-0.588968
13.63,-0.53274,-0.581801
13.64,-0.534539,-0.575607
13.65,-0.536206,-0.570379
13.66,-0.537741,-0.566113
13.67,-0.539142,-0.562805
13.68,-0.54041,-0.560451
13.69,-0.541544,-0.55905
13.7,-0.542544,-0.5586
13.71,-0.543409,-0.5591
13.72,-0.54414,-0.560553
13.73,-0.544736,-0.562958
13.74,-0.545199,-0.566318
13.75,-0.545527,-0.570638
13.76,-0.545723,-0.575921
13.77,-0.545785,-0.582172
13.78,-0.545715,-0.589398
13.79,-0.545514,-0.597606
13.8,-0.545183,-0.606802
13.81,-0.544724,-0.616996
13.82,-0.544138,-0.628197
13.83,-0.543427,-0.640414
13.84,-0.542593,-0.653657
13.85,-0.541641,-0.667937
13.86,-0.540572,-0.683265
13.87,-0.539391,-0.699653
13.88,-0.538102,-0.717112
13.89,-0.536711,-0.735654
13.9,-0.535222,-0.755292
13.91,-0.533643,-0.776037
13.92,-0.531982,-0.797901
13.93,-0.530246,-0.820897
13.94,-0.528444,-0.845036
13.95,-0.526587,-0.870332
13.96,-0.524686,-0.896794
13.97,-0.522754,-0.924436
13.98,-0.520804,-0.953269
13.99,-0.518851,-0.983304
14,-0.516911,-1.01455
14.01,-0.515001,-1.04703
14.02,-0.51314,-1.08074
14.03,-0.511349,-1.1157
14.04,-0.509648,-1.15192
14.05,-0.50806,-1.18942
14.06,-0.50661,-1.22821
14.07,-0.505323,-1.2683
14.08,-0.504226,-1.30971
14.09,-0.503348,-1.35246
14.1,-0.502718,-1.39657
14.11,-0.502367,-1.44205
14.12,-0.502329,-1.48893
14.13,-0.502636,-1.53723
14.14,-0.503324,-1.58699
14.15,-0.504429,-1.63822
14.16,-0.505987,-1.69097
14.17,-0.508036,-1.74527
14.18,-0.510615,-1.80116
14.19,-0.513763,-1.85868
14.2,-0.517519,-1.91786
14.21,-0.52192,-1.97876
14.22,-0.527006,-2.04141
14.23,-0.53281,-2.10587
14.24,-0.539367,-2.17217
14.25,-0.546705,-2.24034
14.26,-0.554846,-2.31042
14.27,-0.563808,-2.38241
14.28,-0.573595,-2.45631
14.29,-0.584201,-2.5321
14.3,-0.595605,-2.60971
14.31,-0.607765,-2.68904
14.32,-0.620621,-2.76995
14.33,-0.634089,-2.85226
14.34,-0.648062,-2.93571
14.35,-0.662412,-3.02001
14.36,-0.676992,-3.10484
14.37,-0.691642,3.09336
14.38,-0.706199,3.00859
14.39,-0.720503,2.92438
14.4,-0.734405,2.84109
14.41,-0.747774,2.75899
14.42,-0.7605,2.67833
14.43,-0.772497,2.59932
14.44,-0.783705,2.52207
14.45,-0.794081,2.4467
14.46,-0.803604,2.37325
14.47,-0.812269,2.30175
14.48,-0.820084,2.23219
14.49,-0.827064,2.16457
14.5,-0.833235,2.09884
14.51,-0.838629,2.03497
14.52,-0.843279,1.97292
14.53,-0.847223,1.91264
14.54,-0.8505,1.85408
14.55,-0.853151,1.79719
14.56,-0.855215,1.74194
14.57,-0.856732,1.68827
14.58,-0.857743,1.63616
14.59,-0.858285,1.58556
14.6,-0.858397,1.53644
14.61,-0.858115,1.48877
14.62,-0.857476,1.44252
14.63,-0.856512,1.39767
14.64,-0.855258,1.3542
14.65,-0.853745,1.31208
14.66,-0.852003,1.27129
14.67,-0.85006,1.23182
14.68,-0.847945,1.19365
14.69,-0.845683,1.15677
14.7,-0.843299,1.12117
14.71,-0.840816,1.08682
14.72,-0.838256,1.05372
14.73,-0.835639,1.02186
14.74,-0.832984,0.991226
14.75,-0.830309,0.961805
14.76,-0.827631,0.933589
14.77,-0.824965,0.906566
14.78,-0.822324,0.880725
14.79,-0.819721,0.856056
14.8,-0.817169,0.832548
14.81,-0.814677,0.810189
14.82,-0.812256,0.788969
14.83,-0.809915,0.768877
14.84,-0.80766,0.749902
14.85,-0.805499,0.732034
14.86,-0.803438,0.71526
14.87,-0.801484,0.699571
14.88,-0.799639,0.684957
14.89,-0.79791,0.671407
14.9,-0.796299,0.658912
14.91,-0.79481,0.647462
14.92,-0.793446,0.637049
14.93,-0.792209,0.627664
14.94,-0.791101,0.6193
14.95,-0.790123,0.611951
14.96,-0.789278,0.605608
14.97,-0.788567,0.600269
14.98,-0.78799,0.595927
14.99,-0.787548,0.592579
15,-0.787243,0.590222
15.01,-0.787073,0.588854
15.02,-0.787041,0.588473
15.03,-0.787145,0.589081
15.04,-0.787387,0.590676
15.05,-0.787765,0.593262
15.06,-0.788279,0.59684
15.07,-0.78893,0.601414
15.08,-0.789716,0.606988
15.09,-0.790637,0.613568
15.1,-0.791692,0.621158
15.11,-0.792879,0.629767
15.12,-0.794196,0.6394
15.13,-0.795643,0.650067
15.14,-0.797216,0.661776
15.15,-0.798914,0.674536
15.16,-0.800733,0.688357
15.17,-0.802669,0.703249
15.18,-0.804719,0.719223
15.19,-0.806878,0.736289
15.2,-0.809141,0.754458
15.21,-0.811501,0.773742
15.22,-0.813952,0.794152
15.23,-0.816487,0.815699
15.24,-0.819096,0.838395
15.25,-0.821771,0.86225
15.26,-0.8245,0.887276
15.27,-0.827274,0.913485
15.28,-0.830078,0.940886
15.29,-0.832899,0.969492
15.3,-0.835722,0.999313
15.31,-0.838531,1.03036
15.32,-0.841309,1.06264
15.33,-0.844036,1.09618
15.34,-0.846692,1.13097
15.35,-0.849256,1.16704
15.36,-0.851705,1.20439
15.37,-0.854015,1.24304
15.38,-0.856159,1.283
15.39,-0.85811,1.3243
15.4,-0.859841,1.36694
15.41,-0.861321,1.41094
15.42,-0.86252,1.45633
15.43,-0.863404,1.50313
15.44,-0.86394,1.55136
15.45,-0.864093,1.60105
15.46,-0.863827,1.65223
15.47,-0.863106,1.70493
15.48,-0.861891,1.75919
15.49,-0.860144,1.81504
15.5,-0.857827,1.87253
15.51,-0.854901,1.9317
15.52,-0.851328,1.99258
15.53,-0.847071,2.05523
15.54,-0.842095,2.11968
15.55,-0.836368,2.18598
15.56,-0.829862,2.25415
15.57,-0.822556,2.32422
15.58,-0.814435,2.3962
15.59,-0.805497,2.47008
15.6,-0.795748,2.54582
15.61,-0.785215,2.62337
15.62,-0.77394,2.70261
15.63,-0.761986,2.7834
15.64,-0.749441,2.86553
15.65,-0.736414,2.94876
15.66,-0.723034,3.03279
15.67,-0.70945,3.11729
15.68,-0.695819,-3.08129
15.69,-0.682303,-2.99695
15.7,-0.66906,-2.91323
15.71,-0.656235,-2.83044
15.72,-0.643954,-2.74889
15.73,-0.632323,-2.6688
15.74,-0.621423,-2.59036
15.75,-0.611313,-2.51369
15.76,-0.60203,-2.4389
15.77,-0.593594,-2.36602
15.78,-0.586008,-2.29509
15.79,-0.579265,-2.2261
15.8,-0.573346,-2.15902
15.81,-0.568226,-2.09384
15.82,-0.563873,-2.0305
15.83,-0.560252,-1.96897
15.84,-0.557328,-1.90921
15.85,-0.555059,-1.85115
15.86,-0.553407,-1.79477
15.87,-0.552333,-1.74001
15.88,-0.551795,-1.68684
15.89,-0.551755,-1.63522
15.9,-0.552175,-1.58511
15.91,-0.553016,-1.53648
15.92,-0.554243,-1.48931
15.93,-0.555821,-1.44355
15.94,-0.557715,-1.3992
15.95,-0.559893,-1.35622
15.96,-0.562324,-1.3146
15.97,-0.564977,-1.27432
15.98,-0.567825,-1.23536
15.99,-0.570839,-1.19771
16,-0.573996,-1.16135
16.01,-0.577269,-1.12627
16.02,-0.580637,-1.09245
16.03,-0.584077,-1.0599
16.04,-0.58757,-1.02859
16.05,-0.591097,-0.99851
16.06,-0.594641,-0.969657
16.07,-0.598184,-0.942018
16.08,-0.601712,-0.915582
16.09,-0.605212,-0.890339
16.1,-0.60867,-0.866278
16.11,-0.612075,-0.843391
16.12,-0.615416,-0.821666
16.13,-0.618684,-0.801094
16.14,-0.621871,-0.781663
16.15,-0.624967,-0.763365
16.16,-0.627968,-0.746188
16.17,-0.630865,-0.730124
16.18,-0.633654,-0.715162
16.19,-0.636331,-0.701293
16.2,-0.63889,-0.688507
16.21,-0.641327,-0.676797
16.22,-0.643641,-0.666154
16.23,-0.645827,-0.65657
16.24,-0.647884,-0.648039
16.25,-0.649809,-0.640553
16.26,-0.651601,-0.634106
16.27,-0.653258,-0.628695
16.28,-0.654779,-0.624314
16.29,-0.656163,-0.62096
16.3,-0.65741,-0.61863
16.31,-0.658518,-0.617322
16.32,-0.659487,-0.617036
16.33,-0.660317,-0.617771
16.34,-0.661009,-0.619528
16.35,-0.661562,-0.622308
16.36,-0.661977,-0.626115
16.37,-0.662254,-0.630952
16.38,-0.662395,-0.636822
16.39,-0.662399,-0.643731
16.4,-0.66227,-0.651685
16.41,-0.662007,-0.660689
16.42,-0.661613,-0.670752
16.43,-0.661091,-0.68188
16.44,-0.660443,-0.694083
16.45,-0.659672,-0.707368
16.46,-0.658781,-0.721746
16.47,-0.657776,-0.737225
16.48,-0.65666,-0.753816
16.49,-0.655439,-0.77153
16.5,-0.65412,-0.790375
16.51,-0.652708,-0.810363
16.52,-0.651213,-0.831504
16.53,-0.649641,-0.853809
16.54,-0.648004,-0.877289
16.55,-0.646311,-0.901953
16.56,-0.644574,-0.927813
16.57,-0.642805,-0.954878
16.58,-0.64102,-0.98316
16.59,-0.639232,-1.01267
16.6,-0.637457,-1.04341
16.61,-0.635715,-1.07541
16.62,-0.634022,-1.10866
16.63,-0.6324,-1.14318
16.64,-0.630871,-1.17898
16.65,-0.629456,-1.21608
16.66,-0.628181,-1.25449
16.67,-0.627071,-1.29421
16.68,-0.626153,-1.33528
16.69,-0.625456,-1.37769
16.7,-0.625009,-1.42148
16.71,-0.624844,-1.46666
16.72,-0.624992,-1.51326
16.73,-0.625488,-1.56129
16.74,-0.626366,-1.6108
16.75,-0.627663,-1.66179
16.76,-0.629414,-1.71432
16.77,-0.631657,-1.7684
16.78,-0.634431,-1.82409
16.79,-0.637773,-1.88141
16.8,-0.641723,-1.94041
16.81,-0.646317,-2.00114
16.82,-0.651592,-2.06362
16.83,-0.657583,-2.12791
16.84,-0.664321,-2.19405
16.85,-0.671833,-2.26205
16.86,-0.68014,-2.33195
16.87,-0.689255,-2.40375
16.88,-0.699182,-2.47745
16.89,-0.709909,-2.55299
16.9,-0.721412,-2.63032
16.91,-0.733646,-2.70933
16.92,-0.746547,-2.78986
16.93,-0.760027,-2.87171
16.94,-0.773977,-2.95463
16.95,-0.788267,-3.03833
16.96,-0.80275,-3.12247
16.97,-0.817269,3.07649
16.98,-0.831665,2.99255
16.99,-0.845783,2.90924
17,-0.859479,2.82689
17.01,-0.87263,2.74576
17.02,-0.885133,2.66611
17.03,-0.896908,2.58809
17.04,-0.907898,2.51185
17.05,-0.918067,2.43748
17.06,-0.927396,2.36501
17.07,-0.935882,2.29448
17.08,-0.943534,2.22588
17.09,-0.950369,2.1592
17.1,-0.956413,2.09439
17.11,-0.961698,2.03143
17.12,-0.966258,1.97028
17.13,-0.970129,1.91087
17.14,-0.973351,1.85319
17.15,-0.975962,1.79717
17.16,-0.978003,1.74277
17.17,-0.979513,1.68996
17.18,-0.980531,1.6387
17.19,-0.981094,1.58896
17.2,-0.981241,1.5407
17.21,-0.981007,1.49389
17.22,-0.980428,1.44851
17.23,-0.979536,1.40453
17.24,-0.978364,1.36193
17.25,-0.976944,1.3207
17.26,-0.975304,1.28081
17.27,-0.973474,1.24225
17.28,-0.97148,1.205
17.29,-0.969347,1.16905
17.3,-0.9671,1.13439
17.31,-0.964761,1.101
17.32,-0.962352,1.06888
17.33,-0.959893,1.03802
17.34,-0.957402,1.00839
17.35,-0.954898,0.980001
17.36,-0.952395,0.952835
17.37,-0.949909,0.926883
17.38,-0.947454,0.902135
17.39,-0.945042,0.878582
17.4,-0.942686,0.856215
17.41,-0.940395,0.835023
17.42,-0.938178,0.814998
17.43,-0.936046,0.796129
17.44,-0.934004,0.778408
17.45,-0.932061,0.761826
17.46,-0.930223,0.746372
17.47,-0.928494,0.732039
17.48,-0.926881,0.718817
17.49,-0.925387,0.7067
17.5,-0.924016,0.695677
17.51,-0.922771,0.685744
17.52,-0.921655,0.676892
17.53,-0.920671,0.669116
17.54,-0.91982,0.662409
17.55,-0.919105,0.656768
17.56,-0.918526,0.652188
17.57,-0.918086,0.648665
17.58,-0.917784,0.646197
17.59,-0.917622,0.644783
17.6,-0.9176,0.64442
17.61,-0.917718,0.64511
17.62,-0.917976,0.646852
17.63,-0.918374,0.649649
17.64,-0.918912,0.653503
17.65,-0.919588,0.658416
17.66,-0.920402,0.664393
17.67,-0.921353,0.671439
17.68,-0.922438,0.679558
17.69,-0.923657,0.688758
17.7,-0.925006,0.699045
17.71,-0.926484,0.710425
17.72,-0.928087,0.722908
17.73,-0.929812,0.736501
17.74,-0.931654,0.751213
17.75,-0.933609,0.767052
17.76,-0.935671,0.784029
17.77,-0.937834,0.802153
17.78,-0.940093,0.821434
17.79,-0.942438,0.84188
17.8,-0.944862,0.863503
17.81,-0.947355,0.886312
17.82,-0.949907,0.910316
17.83,-0.952507,0.935526
17.84,-0.955141,0.961952
17.85,-0.957797,0.989603
17.86,-0.960459,1.01849
17.87,-0.963112,1.04862
17.88,-0.965738,1.08001
17.89,-0.968318,1.11266
17.9,-0.970833,1.14659
17.91,-0.973262,1.18181
17.92,-0.975582,1.21832
17.93,-0.977768,1.25615
17.94,-0.979796,1.29531
17.95,-0.981639,1.3358
17.96,-0.983269,1.37765
17.97,-0.984656,1.42088
17.98,-0.985771,1.4655
17.99,-0.98658,1.51153
18,-0.98705,1.559
18.01,-0.987148,1.60794
18.02,-0.986838,1.65837
18.03,-0.986083,1.71033
18.04,-0.984846,1.76384
18.05,-0.983091,1.81895
18.06,-0.980778,1.87569
18.07,-0.977869,1.9341
18.08,-0.974327,1.99422
18.09,-0.970116,2.0561
18.1,-0.965201,2.11977
18.11,-0.959551,2.18527
18.12,-0.953137,2.25264
18.13,-0.945938,2.32189
18.14,-0.937939,2.39303
18.15,-0.929136,2.46606
18.16,-0.919536,2.54095
18.17,-0.909162,2.61762
18.18,-0.898054,2.69598
18.19,-0.886272,2.77589
18.2,-0.873899,2.85715
18.21,-0.861039,2.93953
18.22,-0.847817,3.02273
18.23,-0.834374,3.10644
18.24,-0.820866,-3.09289
18.25,-0.807449,-3.00925
18.26,-0.794279,-2.92616
18.27,-0.7815,-2.84396
18.28,-0.769237,-2.76293
18.29,-0.757598,-2.68332
18.3,-0.746665,-2.6053
18.31,-0.736501,-2.52903
18.32,-0.727144,-2.4546
18.33,-0.718618,-2.38206
18.34,-0.710927,-2.31145
18.35,-0.704067,-2.24276
18.36,-0.69802,-2.17598
18.37,-0.692763,-2.11109
18.38,-0.688266,-2.04805
18.39,-0.684497,-1.98681
18.4,-0.681417,-1.92734
18.41,-0.678991,-1.86959
18.42,-0.677178,-1.81351
18.43,-0.675939,-1.75907
18.44,-0.675235,-1.70623
18.45,-0.675027,-1.65495
18.46,-0.675277,-1.60519
18.47,-0.675948,-1.55692
18.48,-0.677005,-1.51011
18.49,-0.678411,-1.46475
18.5,-0.680133,-1.42079
18.51,-0.682139,-1.37823
18.52,-0.684398,-1.33704
18.53,-0.686879,-1.2972
18.54,-0.689555,-1.2587
18.55,-0.692398,-1.22152
18.56,-0.695383,-1.18566
18.57,-0.698486,-1.15109
18.58,-0.701683,-1.1178
18.59,-0.704953,-1.0858
18.6,-0.708275,-1.05505
18.61,-0.711632,-1.02557
18.62,-0.715005,-0.997325
18.63,-0.718378,-0.970319
18.64,-0.721735,-0.94454
18.65,-0.725063,-0.919979
18.66,-0.728349,-0.896627
18.67,-0.731582,-0.874475
18.68,-0.734749,-0.853514
18.69,-0.737843,-0.833735
18.7,-0.740853,-0.81513
18.71,-0.743772,-0.797689
18.72,-0.746593,-0.781405
18.73,-0.749309,-0.766268
18.74,-0.751915,-0.752271
18.75,-0.754405,-0.739406
18.76,-0.756776,-0.727665
18.77,-0.759022,-0.717042
18.78,-0.761142,-0.70753
18.79,-0.763131,-0.699122
18.8,-0.764988,-0.691814
18.81,-0.76671,-0.6856
18.82,-0.768295,-0.680476
18.83,-0.769742,-0.676439
18.84,-0.77105,-0.673486
18.85,-0.772218,-0.671615
18.86,-0.773246,-0.670825
18.87,-0.774132,-0.671115
18.88,-0.774878,-0.672486
18.89,-0.775482,-0.674939
18.9,-0.775946,-0.678476
18.91,-0.776271,-0.683099
18.92,-0.776456,-0.688813
18.93,-0.776505,-0.695621
18.94,-0.776417,-0.703528
18.95,-0.776196,-0.71254
18.96,-0.775844,-0.722663
18.97,-0.775363,-0.733904
18.98,-0.774758,-0.74627
18.99,-0.774031,-0.759768
19,-0.773187,-0.774407
19.01,-0.772231,-0.790195
19.02,-0.771168,-0.807141
19.03,-0.770006,-0.825253
19.04,-0.768752,-0.844541
19.05,-0.767412,-0.865013
19.06,-0.765997,-0.886679
19.07,-0.764515,-0.909548
19.08,-0.762978,-0.933629
19.09,-0.761398,-0.958932
19.1,-0.759787,-0.985466
19.11,-0.75816,-1.01324
19.12,-0.756532,-1.04226
19.13,-0.754919,-1.07255
19.14,-0.75334,-1.1041
19.15,-0.751812,-1.13693
19.16,-0.750358,-1.17105
19.17,-0.748997,-1.20647
19.18,-0.747754,-1.2432
19.19,-0.746653,-1.28125
19.2,-0.74572,-1.32065
19.21,-0.744982,-1.3614
19.22,-0.744466,-1.40352
19.23,-0.744204,-1.44702
19.24,-0.744226,-1.49194
19.25,-0.744564,-1.53828
19.26,-0.745252,-1.58608
19.27,-0.746325,-1.63535
19.28,-0.747817,-1.68614
19.29,-0.749766,-1.73847
19.3,-0.752209,-1.79237
19.31,-0.755184,-1.84788
19.32,-0.758727,-1.90504
19.33,-0.762877,-1.96389
19.34,-0.767671,-2.02447
19.35,-0.773144,-2.08681
19.36,-0.779329,-2.15097
19.37,-0.786256,-2.21696
19.38,-0.793949,-2.28483
19.39,-0.802429,-2.35457
19.4,-0.811704,-2.4262
19.41,-0.821775,-2.4997
19.42,-0.832628,-2.57502
19.43,-0.844234,-2.65208
19.44,-0.856544,-2.73077
19.45,-0.869489,-2.81091
19.46,-0.88298,-2.89231
19.47,-0.896902,-2.9747
19.48,-0.911126,-3.05778
19.49,-0.925506,-3.14121
19.5,-0.939886,3.05854
19.51,-0.954111,2.97546
19.52,-0.968032,2.89307
19.53,-0.981513,2.81168
19.54,-0.994436,2.73156
19.55,-1.00671,2.65293
19.56,-1.01825,2.57595
19.57,-1.02901,2.50075
19.58,-1.03896,2.4274
19.59,-1.04809,2.35595
19.6,-1.05639,2.28642
19.61,-1.06387,2.21881
19.62,-1.07055,2.15309
19.63,-1.07646,2.08923
19.64,-1.08163,2.02721
19.65,-1.08609,1.96698
19.66,-1.08988,1.90849
19.67,-1.09304,1.8517
19.68,-1.0956,1.79657
19.69,-1.09762,1.74307
19.7,-1.09911,1.69114
19.71,-1.10013,1.64077
19.72,-1.10071,1.5919
19.73,-1.10089,1.54452
19.74,-1.1007,1.4986
19.75,-1.10017,1.45411
19.76,-1.09935,1.41103
19.77,-1.09826,1.36933
19.78,-1.09693,1.32901
19.79,-1.09539,1.29004
19.8,-1.09366,1.25241
19.81,-1.09179,1.2161
19.82,-1.08978,1.18111
19.83,-1.08767,1.14741
19.84,-1.08547,1.11501
19.85,-1.08321,1.08388
19.86,-1.08091,1.05403
19.87,-1.07858,1.02543
19.88,-1.07624,0.998092
19.89,-1.07391,0.971992
19.9,-1.0716,0.947127
19.91,-1.06933,0.923487
19.92,-1.0671,0.901064
19.93,-1.06494,0.87985
19.94,-1.06284,0.859837
19.95,-1.06083,0.841016
19.96,-1.0589,0.82338
19.97,-1.05706,0.80692
19.98,-1.05533,0.791629
19.99,-1.05371,0.777499
